,Place,lat,long,elev,selected variables
0,Aguieira,40.3,-8.2,124,hydro
1,Alqueva,38.2,-7.5,103,hydro
2,Amareleja,38.2,-7.2,201,solar
3,Bemposta,41.3,-6.5,388,hydro
4,Cinfaes,41.0,-8.0,1295,wind
5,Evora,38.5,-7.9,241,solar
6,Faro,37.1,-7.9,64,solar
7,Foz Tua,41.2,-7.4,174,hydro
8,Lisboa,38.7,-9.2,80,all
9,Lousa,40.0,-8.2,911,wind
10,Ourique,37.7,-8.2,232,solar
11,Portimao,37.2,-8.6,71,solar
12,Sagres,37.1,-8.9,140,wind
13,Setubal,38.5,-8.9,30,solar
14,Venda Nova,41.7,-7.9,707,hydro
15,Viana do Castelo,41.8,-8.8,490,wind
16,Vila Pouca de Aguiar,41.5,-7.5,1092,wind
